Date,Company,Ticker,Open,High,Low,Close,Volume
2024-01-02,Tesla,TSLA,250.0800018310547,251.25,244.41000366210938,248.4199981689453,104654200
2024-01-03,Tesla,TSLA,244.97999572753906,245.67999267578125,236.32000732421875,238.4499969482422,121082600
2024-01-04,Tesla,TSLA,239.25,242.6999969482422,237.72999572753906,237.92999267578125,102629300
2024-01-05,Tesla,TSLA,236.86000061035156,240.1199951171875,234.89999389648438,237.49000549316406,92379400
2024-01-08,Tesla,TSLA,236.13999938964844,241.25,235.3000030517578,240.4499969482422,85166600
2024-01-09,Tesla,TSLA,238.11000061035156,238.9600067138672,232.0399932861328,234.9600067138672,96705700
2024-01-10,Tesla,TSLA,235.10000610351562,235.5,231.2899932861328,233.94000244140625,91628500
2024-01-11,Tesla,TSLA,230.57000732421875,230.92999267578125,225.3699951171875,227.22000122070312,105873600
2024-01-12,Tesla,TSLA,220.0800018310547,225.33999633789062,217.14999389648438,218.88999938964844,122889000
2024-01-16,Tesla,TSLA,215.10000610351562,223.49000549316406,212.17999267578125,219.91000366210938,115355000
2024-01-17,Tesla,TSLA,214.86000061035156,215.6699981689453,212.00999450683594,215.5500030517578,103164400
2024-01-18,Tesla,TSLA,216.8800048828125,217.4499969482422,208.74000549316406,211.8800048828125,108595400
2024-01-19,Tesla,TSLA,209.99000549316406,213.19000244140625,207.55999755859375,212.19000244140625,102095800
2024-01-22,Tesla,TSLA,212.25999450683594,217.8000030517578,206.27000427246094,208.8000030517578,117952500
2024-01-23,Tesla,TSLA,211.3000030517578,215.64999389648438,207.75,209.13999938964844,106605900
2024-01-24,Tesla,TSLA,211.8800048828125,212.72999572753906,206.77000427246094,207.8300018310547,123369900
2024-01-25,Tesla,TSLA,189.6999969482422,193.0,180.05999755859375,182.6300048828125,198076800
2024-01-26,Tesla,TSLA,185.5,186.77999877929688,182.10000610351562,183.25,107343200
2024-01-29,Tesla,TSLA,185.6300048828125,191.47999572753906,183.6699981689453,190.92999267578125,125013100
2024-01-30,Tesla,TSLA,195.3300018310547,196.36000061035156,190.61000061035156,191.58999633789062,109982300
2024-01-31,Tesla,TSLA,187.0,193.97000122070312,185.85000610351562,187.2899932861328,103221400
2024-02-01,Tesla,TSLA,188.5,189.8800048828125,184.27999877929688,188.86000061035156,91843300
2024-02-02,Tesla,TSLA,185.0399932861328,188.69000244140625,182.0,187.91000366210938,110505100
2024-02-05,Tesla,TSLA,184.25999450683594,184.67999267578125,175.00999450683594,181.05999755859375,134294400
2024-02-06,Tesla,TSLA,177.2100067138672,186.49000549316406,177.11000061035156,185.10000610351562,122676000
2024-02-07,Tesla,TSLA,188.17999267578125,189.7899932861328,182.67999267578125,187.5800018310547,111535200
2024-02-08,Tesla,TSLA,189.0,191.6199951171875,185.5800018310547,189.55999755859375,83034000
2024-02-09,Tesla,TSLA,190.17999267578125,194.1199951171875,189.47999572753906,193.57000732421875,84476300
2024-02-12,Tesla,TSLA,192.11000061035156,194.72999572753906,187.27999877929688,188.1300048828125,95498600
2024-02-13,Tesla,TSLA,183.99000549316406,187.25999450683594,182.11000061035156,184.02000427246094,86759500
2024-02-14,Tesla,TSLA,185.3000030517578,188.88999938964844,183.35000610351562,188.7100067138672,81203000
2024-02-15,Tesla,TSLA,189.16000366210938,200.8800048828125,188.86000061035156,200.4499969482422,120831800
2024-02-16,Tesla,TSLA,202.05999755859375,203.1699981689453,197.39999389648438,199.9499969482422,111173600
2024-02-20,Tesla,TSLA,196.1300048828125,198.60000610351562,189.1300048828125,193.75999450683594,104545800
2024-02-21,Tesla,TSLA,193.36000061035156,199.44000244140625,191.9499969482422,194.77000427246094,103844000
2024-02-22,Tesla,TSLA,194.0,198.32000732421875,191.36000061035156,197.41000366210938,92739500
2024-02-23,Tesla,TSLA,195.30999755859375,197.57000732421875,191.5,191.97000122070312,78841900
2024-02-26,Tesla,TSLA,192.2899932861328,201.77999877929688,192.0,199.39999389648438,111747100
2024-02-27,Tesla,TSLA,204.0399932861328,205.60000610351562,198.25999450683594,199.72999572753906,108645400
2024-02-28,Tesla,TSLA,200.4199981689453,205.3000030517578,198.44000244140625,202.0399932861328,99806200
2024-02-29,Tesla,TSLA,204.17999267578125,205.27999877929688,198.4499969482422,201.8800048828125,85907000
2024-03-01,Tesla,TSLA,200.52000427246094,204.52000427246094,198.5,202.63999938964844,82099200
2024-03-04,Tesla,TSLA,198.72999572753906,199.75,186.72000122070312,188.13999938964844,134334900
2024-03-05,Tesla,TSLA,183.0500030517578,184.58999633789062,177.57000732421875,180.74000549316406,119660800
2024-03-06,Tesla,TSLA,179.99000549316406,181.5800018310547,173.6999969482422,176.5399932861328,107920900
2024-03-07,Tesla,TSLA,174.35000610351562,180.0399932861328,173.6999969482422,178.64999389648438,102129000
2024-03-08,Tesla,TSLA,181.5,182.72999572753906,174.6999969482422,175.33999633789062,85315300
2024-03-11,Tesla,TSLA,175.4499969482422,182.8699951171875,174.8000030517578,177.77000427246094,85391500
2024-03-12,Tesla,TSLA,177.77000427246094,179.42999267578125,172.41000366210938,177.5399932861328,87391700
2024-03-13,Tesla,TSLA,173.0500030517578,176.0500030517578,169.14999389648438,169.47999572753906,106524500
2024-03-14,Tesla,TSLA,167.77000427246094,171.1699981689453,160.50999450683594,162.5,126325700
2024-03-15,Tesla,TSLA,163.16000366210938,165.17999267578125,160.75999450683594,163.57000732421875,96971900
2024-03-18,Tesla,TSLA,170.02000427246094,174.72000122070312,165.89999389648438,173.8000030517578,108214400
2024-03-19,Tesla,TSLA,172.36000061035156,172.82000732421875,167.4199981689453,171.32000732421875,77271400
2024-03-20,Tesla,TSLA,173.0,176.25,170.82000732421875,175.66000366210938,83846700
2024-03-21,Tesla,TSLA,176.38999938964844,178.17999267578125,171.8000030517578,172.82000732421875,73178000
2024-03-22,Tesla,TSLA,166.69000244140625,171.1999969482422,166.3000030517578,170.8300018310547,75454700
2024-03-25,Tesla,TSLA,168.75999450683594,175.24000549316406,168.72999572753906,172.6300048828125,74228600
2024-03-26,Tesla,TSLA,178.5800018310547,184.25,177.3800048828125,177.6699981689453,113186200
2024-03-27,Tesla,TSLA,181.41000366210938,181.91000366210938,176.0,179.8300018310547,81804000
2024-03-28,Tesla,TSLA,177.4499969482422,179.57000732421875,175.3000030517578,175.7899932861328,77654800
2024-04-01,Tesla,TSLA,176.1699981689453,176.75,170.2100067138672,175.22000122070312,81562100
2024-04-02,Tesla,TSLA,164.75,167.69000244140625,163.42999267578125,166.6300048828125,116650600
2024-04-03,Tesla,TSLA,164.02000427246094,168.82000732421875,163.27999877929688,168.3800048828125,82950100
2024-04-04,Tesla,TSLA,170.07000732421875,177.19000244140625,168.00999450683594,171.11000061035156,123162000
2024-04-05,Tesla,TSLA,169.0800018310547,170.86000061035156,160.50999450683594,164.89999389648438,141250700
2024-04-08,Tesla,TSLA,169.33999633789062,174.5,167.7899932861328,172.97999572753906,104423300
2024-04-09,Tesla,TSLA,172.91000366210938,179.22000122070312,171.9199981689453,176.8800048828125,103232700
2024-04-10,Tesla,TSLA,173.0399932861328,174.92999267578125,170.00999450683594,171.75999450683594,84532400
2024-04-11,Tesla,TSLA,172.5500030517578,175.8800048828125,168.50999450683594,174.60000610351562,94516000
2024-04-12,Tesla,TSLA,172.33999633789062,173.80999755859375,170.36000061035156,171.0500030517578,64506600
2024-04-15,Tesla,TSLA,170.24000549316406,170.69000244140625,161.3800048828125,161.47999572753906,100245300
2024-04-16,Tesla,TSLA,156.74000549316406,158.19000244140625,153.75,157.11000061035156,97000000
2024-04-17,Tesla,TSLA,157.63999938964844,158.3300018310547,153.77999877929688,155.4499969482422,82439700
2024-04-18,Tesla,TSLA,151.25,152.1999969482422,148.6999969482422,149.92999267578125,96098800
2024-04-19,Tesla,TSLA,148.97000122070312,150.94000244140625,146.22000122070312,147.0500030517578,86005100
2024-04-22,Tesla,TSLA,140.55999755859375,144.44000244140625,138.8000030517578,142.0500030517578,107097600
2024-04-23,Tesla,TSLA,143.3300018310547,147.25999450683594,141.11000061035156,144.67999267578125,124545100
2024-04-24,Tesla,TSLA,162.83999633789062,167.97000122070312,157.50999450683594,162.1300048828125,181178000
2024-04-25,Tesla,TSLA,158.9600067138672,170.8800048828125,158.36000061035156,170.17999267578125,126427500
2024-04-26,Tesla,TSLA,168.85000610351562,172.1199951171875,166.3699951171875,168.2899932861328,109815700
2024-04-29,Tesla,TSLA,188.4199981689453,198.8699951171875,184.5399932861328,194.0500030517578,243869700
2024-04-30,Tesla,TSLA,186.97999572753906,190.9499969482422,182.83999633789062,183.27999877929688,127031800
2024-05-01,Tesla,TSLA,182.0,185.86000061035156,179.00999450683594,179.99000549316406,92829700
2024-05-02,Tesla,TSLA,182.86000061035156,184.60000610351562,176.02000427246094,180.00999450683594,89148000
2024-05-03,Tesla,TSLA,182.10000610351562,184.77999877929688,178.4199981689453,181.19000244140625,75491500
2024-05-06,Tesla,TSLA,183.8000030517578,187.55999755859375,182.1999969482422,184.75999450683594,84390300
2024-05-07,Tesla,TSLA,182.39999389648438,183.25999450683594,177.39999389648438,177.80999755859375,75045900
2024-05-08,Tesla,TSLA,171.58999633789062,176.05999755859375,170.14999389648438,174.72000122070312,79969500
2024-05-09,Tesla,TSLA,175.00999450683594,175.6199951171875,171.3699951171875,171.97000122070312,65950300
2024-05-10,Tesla,TSLA,173.0500030517578,173.05999755859375,167.75,168.47000122070312,72627200
2024-05-13,Tesla,TSLA,170.0,175.39999389648438,169.0,171.88999938964844,67018900
2024-05-14,Tesla,TSLA,174.5,179.49000549316406,174.07000732421875,177.5500030517578,86407400
2024-05-15,Tesla,TSLA,179.89999389648438,180.0,173.11000061035156,173.99000549316406,79663000
2024-05-16,Tesla,TSLA,174.10000610351562,175.7899932861328,171.42999267578125,174.83999633789062,59812200
2024-05-17,Tesla,TSLA,173.5500030517578,179.6300048828125,172.75,177.4600067138672,77445800
2024-05-20,Tesla,TSLA,177.55999755859375,177.75,173.52000427246094,174.9499969482422,61727400
2024-05-21,Tesla,TSLA,175.50999450683594,186.8800048828125,174.7100067138672,186.60000610351562,115266500
2024-05-22,Tesla,TSLA,182.85000610351562,183.8000030517578,178.1199951171875,180.11000061035156,88313500
2024-05-23,Tesla,TSLA,181.8000030517578,181.89999389648438,173.25999450683594,173.74000549316406,71975500
2024-05-24,Tesla,TSLA,174.83999633789062,180.0800018310547,173.72999572753906,179.24000549316406,65479700
2024-05-28,Tesla,TSLA,176.39999389648438,178.25,173.16000366210938,176.75,59736600
2024-05-29,Tesla,TSLA,174.19000244140625,178.14999389648438,173.92999267578125,176.19000244140625,54782600
2024-05-30,Tesla,TSLA,178.5800018310547,182.6699981689453,175.3800048828125,178.7899932861328,77784800
2024-05-31,Tesla,TSLA,178.5,180.32000732421875,173.82000732421875,178.0800018310547,67314600
2024-06-03,Tesla,TSLA,178.1300048828125,182.63999938964844,174.49000549316406,176.2899932861328,68568900
2024-06-04,Tesla,TSLA,174.77999877929688,177.75999450683594,174.0,174.77000427246094,60056300
2024-06-05,Tesla,TSLA,175.35000610351562,176.14999389648438,172.1300048828125,175.0,57953800
2024-06-06,Tesla,TSLA,174.60000610351562,179.72999572753906,172.72999572753906,177.94000244140625,69887000
2024-06-07,Tesla,TSLA,176.1300048828125,179.35000610351562,175.5800018310547,177.47999572753906,56244900
2024-06-10,Tesla,TSLA,176.05999755859375,178.57000732421875,173.1699981689453,173.7899932861328,50869700
2024-06-11,Tesla,TSLA,173.9199981689453,174.75,167.41000366210938,170.66000366210938,64761900
2024-06-12,Tesla,TSLA,171.1199951171875,180.5500030517578,169.8000030517578,177.2899932861328,90389400
2024-06-13,Tesla,TSLA,188.38999938964844,191.0800018310547,181.22999572753906,182.47000122070312,118984100
2024-06-14,Tesla,TSLA,185.8000030517578,186.0,176.9199981689453,178.00999450683594,82038200
2024-06-17,Tesla,TSLA,177.9199981689453,188.80999755859375,177.0,187.44000244140625,109786100
2024-06-18,Tesla,TSLA,186.55999755859375,187.1999969482422,182.3699951171875,184.86000061035156,68982300
2024-06-20,Tesla,TSLA,184.67999267578125,185.2100067138672,179.66000366210938,181.57000732421875,55893100
2024-06-21,Tesla,TSLA,182.3000030517578,183.9499969482422,180.69000244140625,183.00999450683594,63029500
2024-06-24,Tesla,TSLA,184.97000122070312,188.8000030517578,182.5500030517578,182.5800018310547,61992100
2024-06-25,Tesla,TSLA,184.39999389648438,187.97000122070312,182.00999450683594,187.35000610351562,63678300
2024-06-26,Tesla,TSLA,186.5399932861328,197.75999450683594,186.36000061035156,196.3699951171875,95737100
2024-06-27,Tesla,TSLA,195.1699981689453,198.72000122070312,194.0500030517578,197.4199981689453,72746500
2024-06-28,Tesla,TSLA,199.5500030517578,203.1999969482422,195.25999450683594,197.8800048828125,95438100
2024-01-02,Microsoft,MSFT,370.3424737462839,372.3632885983454,363.319184585885,367.380615234375,25258600
2024-01-03,Microsoft,MSFT,365.5380921792409,369.7481050532778,365.0427965470012,367.1131286621094,23083500
2024-01-04,Microsoft,MSFT,367.18247442785434,369.58960392636413,363.7154050293527,364.4781494140625,20901500
2024-01-05,Microsoft,MSFT,365.4985007136341,368.559424433647,363.0517388090319,364.28997802734375,20987000
2024-01-08,Microsoft,MSFT,365.8253710003868,371.66988411040546,365.53812127674354,371.1646728515625,23134000
2024-01-09,Microsoft,MSFT,368.509899386066,372.4524336286839,367.6976072202341,372.25433349609375,20830000
2024-01-10,Microsoft,MSFT,372.8288615431399,380.5554922110054,372.7793440678221,379.16864013671875,25514200
2024-01-11,Microsoft,MSFT,382.3682747948277,387.00423522356067,376.8011560453087,381.01116943359375,27850800
2024-01-12,Microsoft,MSFT,381.8630597761942,385.0230486833725,381.03096664819185,384.8150329589844,21645700
2024-01-16,Microsoft,MSFT,389.95617197189966,390.32268591338345,383.9729920985464,386.5980529785156,27202300
2024-01-17,Microsoft,MSFT,384.32963163268903,386.4395657529972,381.1894438434919,385.80560302734375,22234100
2024-01-18,Microsoft,MSFT,388.0344497047316,390.2830812145117,386.4494974787357,390.1642150878906,23392100
2024-01-19,Microsoft,MSFT,392.0364732172694,394.9190979003906,389.797726916255,394.9190979003906,29272000
2024-01-22,Microsoft,MSFT,396.25634353223927,396.85070439221124,389.8868483654438,392.7793884277344,27016900
2024-01-23,Microsoft,MSFT,392.02652441578425,395.6223758316309,390.22364091426874,395.1468811035156,20525900
2024-01-24,Microsoft,MSFT,397.7620381791371,401.8135529594447,396.6822972921996,398.7724304199219,24867000
2024-01-25,Microsoft,MSFT,400.5159168098495,403.18061005906736,398.74274976275865,401.06072998046875,21021200
2024-01-26,Microsoft,MSFT,400.5654097210854,402.34849224643625,398.6436601299057,400.1295471191406,17803300
2024-01-29,Microsoft,MSFT,402.23951388406,406.1226452071924,400.52577999660826,405.8650817871094,24510200
2024-01-30,Microsoft,MSFT,408.3812111979871,409.16375662074074,402.6258777098208,404.7457275390625,33477600
2024-01-31,Microsoft,MSFT,403.1310773427729,411.41243736511643,393.47281096125835,393.8393249511719,47871100
2024-02-01,Microsoft,MSFT,398.0493222591689,404.161284395668,398.01960572688716,399.9809875488281,30657700
2024-02-02,Microsoft,MSFT,400.01072698522285,408.7675516875465,399.7630791252122,407.35101318359375,28245000
2024-02-05,Microsoft,MSFT,406.0434180871643,407.2915729534139,400.189019151807,401.8334045410156,25352300
2024-02-06,Microsoft,MSFT,402.0612108490808,404.13154308563696,399.11915341177513,401.67486572265625,18382600
2024-02-07,Microsoft,MSFT,403.60653322309605,410.4019752246544,403.5669011054383,410.1543273925781,22340500
2024-02-08,Microsoft,MSFT,410.1543425713037,411.65014520614363,408.6486545795197,410.2137756347656,21225300
2024-02-09,Microsoft,MSFT,411.34304822902254,416.8606491715924,411.18454998916735,416.5931701660156,22032800
2024-02-12,Microsoft,MSFT,416.6031191844753,416.7814183822025,410.8477855354943,411.3529968261719,21202900
2024-02-13,Microsoft,MSFT,401.1300494611104,406.21178774325523,399.59464501524405,402.4970703125,27824900
2024-02-14,Microsoft,MSFT,404.97813565927675,406.73471379055,401.50465451788693,406.3873596191406,20401200
2024-02-15,Microsoft,MSFT,405.0476293953427,406.03011869599004,401.22679392364836,403.4795837402344,21825500
2024-02-16,Microsoft,MSFT,404.86897976610464,405.19649639829663,400.3832375883185,400.99853515625,22281100
2024-02-20,Microsoft,MSFT,400.18476201068694,401.42529113633896,394.9944075322267,399.7381896972656,24307900
2024-02-21,Microsoft,MSFT,397.1380014467668,399.24193376469594,394.21034092041026,399.13275146484375,18631100
2024-02-22,Microsoft,MSFT,407.08207646174907,409.70205797134184,405.4743557171247,408.531005859375,27009900
2024-02-23,Microsoft,MSFT,412.5205590554713,412.7090915973696,405.87131159465224,407.2309265136719,16295900
2024-02-26,Microsoft,MSFT,408.34246112673543,409.0371695148512,404.27351975281573,404.4521789550781,16193500
2024-02-27,Microsoft,MSFT,404.89872387010075,405.2262404801438,400.7901076502163,404.3926086425781,14835800
2024-02-28,Microsoft,MSFT,405.0872739909664,406.1987830728558,402.24895832016676,404.6307678222656,13183100
2024-02-29,Microsoft,MSFT,405.5438348800808,411.06170550216336,402.84444253870316,410.5059509277344,31947300
2024-03-01,Microsoft,MSFT,408.153876143975,412.71902889421233,407.76684684717014,412.3518371582031,17800300
2024-03-04,Microsoft,MSFT,410.307447886493,414.18782621068357,409.19593875466035,411.7762451171875,17596000
2024-03-05,Microsoft,MSFT,410.8235170993726,411.1113283199567,397.60446252322527,399.5992126464844,26919200
2024-03-06,Microsoft,MSFT,399.91679432847235,402.0902036474927,395.37150921419715,399.04345703125,22344100
2024-03-07,Microsoft,MSFT,403.04293193355477,406.6752047214003,399.1923248157397,406.0400695800781,18718500
2024-03-08,Microsoft,MSFT,404.8689575439801,407.3103404061873,401.2664565057241,403.14215087890625,17971700
2024-03-11,Microsoft,MSFT,400.700826521959,402.6062622273282,398.21976836345937,401.4550476074219,16120800
2024-03-12,Microsoft,MSFT,404.5315189350478,412.4212950799544,403.70782104780903,412.13348388671875,22457000
2024-03-13,Microsoft,MSFT,414.9321647542621,415.0115452878592,408.3325562328795,411.95489501953125,17115900
2024-03-14,Microsoft,MSFT,417.05592096351893,424.5785058716351,414.8229687362819,421.9981994628906,34157300
2024-03-15,Microsoft,MSFT,416.1131423873529,419.39806083838096,409.6623914264508,413.264892578125,45049800
2024-03-18,Microsoft,MSFT,411.111304092611,417.54221722990445,410.6448639845401,414.1580505371094,20106000
2024-03-19,Microsoft,MSFT,414.6641794557911,418.4751112612702,412.40145573236146,418.2170715332031,19837900
2024-03-20,Microsoft,MSFT,418.8025799169323,422.7325672103819,417.472736496582,422.00811767578125,17860100
2024-03-21,Microsoft,MSFT,426.5732970128362,427.5558166821584,423.9235437416977,426.1167907714844,21296200
2024-03-22,Microsoft,MSFT,426.4442947841674,426.6030558566972,422.8417934382558,425.4915466308594,17636500
2024-03-25,Microsoft,MSFT,422.0180389961963,424.1716107025241,418.41553787360243,419.65606689453125,18060500
2024-03-26,Microsoft,MSFT,422.3852180529654,422.76234370981615,418.1575158713517,418.4552307128906,16725600
2024-03-27,Microsoft,MSFT,421.2241115258407,421.23404544961727,415.83526074059097,418.2369079589844,16705000
2024-03-28,Microsoft,MSFT,417.7704900076875,418.673598815045,415.9444348307196,417.5323181152344,21871200
2024-04-01,Microsoft,MSFT,420.7378213676411,424.64797113919235,419.0209183546172,421.3531188964844,16316000
2024-04-02,Microsoft,MSFT,416.9269168072685,419.17973696688534,414.6741269340057,418.2468566894531,17912000
2024-04-03,Microsoft,MSFT,416.54979735190346,420.0530500088036,415.91463197146663,417.26434326171875,16502300
2024-04-04,Microsoft,MSFT,421.76992047315406,425.4220608182633,414.4061573873391,414.71380615234375,19370900
2024-04-05,Microsoft,MSFT,416.8276974614869,423.2784485638512,415.1504997519638,422.2959289550781,16544300
2024-04-08,Microsoft,MSFT,421.9485777283347,424.0425761054586,420.09272093696904,421.3729553222656,14272400
2024-04-09,Microsoft,MSFT,423.20896224870864,424.4991003259259,418.4254750382327,423.0501708984375,12512300
2024-04-10,Microsoft,MSFT,418.9911394928746,420.8171944866389,416.5200154975315,420.05303955078125,16216600
2024-04-11,Microsoft,MSFT,422.5936238068228,426.11671379812606,419.1598179763637,424.6876220703125,17966400
2024-04-12,Microsoft,MSFT,420.83704242845164,421.9584854811625,416.58947237839413,418.7033386230469,19232100
2024-04-15,Microsoft,MSFT,423.36774724307367,423.5860815606245,410.2975202475589,410.5059509277344,20273500
2024-04-16,Microsoft,MSFT,411.42887810136665,415.2298454910269,410.5952462785095,411.43878173828125,16765600
2024-04-17,Microsoft,MSFT,414.0885872118868,415.70624190109544,407.22100522560083,408.7195739746094,15855500
2024-04-18,Microsoft,MSFT,407.5187673684452,408.769230365435,400.8893872722647,401.2069396972656,21029900
2024-04-19,Microsoft,MSFT,400.9687488676842,402.4077746386735,394.7561698730406,396.095947265625,30276500
2024-04-22,Microsoft,MSFT,397.04865981007964,399.7976914523607,392.7514806878664,397.9219970703125,20286900
2024-04-23,Microsoft,MSFT,401.1771473553241,405.10716505974153,400.0060952402287,404.48193359375,15734500
2024-04-24,Microsoft,MSFT,406.4568133700171,409.3447683032301,403.69787828909796,405.9606018066406,15065300
2024-04-25,Microsoft,MSFT,391.0444908759172,396.8601062584313,385.0899520019121,396.01654052734375,40586500
2024-04-26,Microsoft,MSFT,409.04710666417816,409.87080464048637,402.6856699602139,403.2414245605469,29694700
2024-04-29,Microsoft,MSFT,402.17947890315463,403.2413789354232,396.165397076456,399.20220947265625,19582100
2024-04-30,Microsoft,MSFT,398.4479657229549,399.11290256766176,386.221335381575,386.3800964355469,28781400
2024-05-01,Microsoft,MSFT,389.6352990933683,398.6762911474534,387.3527376072614,391.9476623535156,23562500
2024-05-02,Microsoft,MSFT,394.6469936602289,396.8997833087663,391.6597902856064,394.82562255859375,17709400
2024-05-03,Microsoft,MSFT,399.23197820235123,404.0650740320478,398.8151471589616,403.57879638671875,17446700
2024-05-06,Microsoft,MSFT,405.66292597330005,410.7937370714025,403.29101993493754,410.4067077636719,16996600
2024-05-07,Microsoft,MSFT,411.5182242956741,411.52815821970637,405.99041958064737,406.238525390625,20018200
2024-05-08,Microsoft,MSFT,405.0773444555357,409.1065797629508,403.62838494338615,407.42938232421875,11792300
2024-05-09,Microsoft,MSFT,407.45921271703617,409.59291660377954,406.00034935781423,409.1959533691406,14689700
2024-05-10,Microsoft,MSFT,409.8112455392715,412.23276061100023,408.67986853475014,411.59759521484375,13402300
2024-05-13,Microsoft,MSFT,414.84283115281045,415.18025140614657,407.7073059282806,410.5853271484375,15440200
2024-05-14,Microsoft,MSFT,408.8981987547859,414.3267549073316,408.43175863614476,413.40380859375,15109300
2024-05-15,Microsoft,MSFT,415.48172683662517,421.35753100749633,414.85536761085484,420.6317443847656,22239500
2024-05-16,Microsoft,MSFT,419.3591127494367,422.95818999519196,417.91752182390434,418.5538024902344,17530100
2024-05-17,Microsoft,MSFT,420.09485405964773,420.4726599302369,415.6109428181483,417.7783203125,15352200
2024-05-20,Microsoft,MSFT,417.778343258253,424.30037978174784,417.55961512858175,422.878662109375,16272100
2024-05-21,Microsoft,MSFT,424.36001790160714,430.46450167288947,422.39149513236316,426.5572509765625,21453300
2024-05-22,Microsoft,MSFT,427.60118209872775,429.9077641693655,424.6583193119375,428.0286865234375,18073700
2024-05-23,Microsoft,MSFT,430.4645069803894,431.09086617504613,422.95820916796526,424.529052734375,17211700
2024-05-24,Microsoft,MSFT,424.71796179341015,428.565562226306,421.95405016489985,427.6707763671875,11845800
2024-05-28,Microsoft,MSFT,427.14385491376675,428.3269711402922,424.13138989907134,427.8298645019531,15718000
2024-05-29,Microsoft,MSFT,423.22665032702537,428.44627000677747,423.22665032702537,426.6865234375,15517100
2024-05-30,Microsoft,MSFT,421.84466424386284,421.84466424386284,411.84288150879064,412.2704162597656,28424800
2024-05-31,Microsoft,MSFT,414.3383733012913,414.3383733012913,402.1692127903504,412.7277526855469,47995300
2024-06-03,Microsoft,MSFT,413.1254229827006,414.02020882309534,406.553688084388,411.1270446777344,17484700
2024-06-04,Microsoft,MSFT,410.04337212748766,414.03017705380546,407.30928563189894,413.6623229980469,14348900
2024-06-05,Microsoft,MSFT,415.39223173706347,421.6259378345122,413.89096003424896,421.5563659667969,16988000
2024-06-06,Microsoft,MSFT,421.5563568996983,422.848821948627,418.14618249774657,422.0633850097656,14861300
2024-06-07,Microsoft,MSFT,423.73371564550735,423.81323935854607,420.55222098628695,421.3973083496094,13621700
2024-06-10,Microsoft,MSFT,422.24237348386436,425.6027887352665,421.4370631899479,425.3940124511719,14003000
2024-06-11,Microsoft,MSFT,423.01786084549974,430.3153823959729,422.78918087724,430.1761779785156,14551100
2024-06-12,Microsoft,MSFT,432.8009161252906,440.8341457768561,430.7428874309175,438.5076904296875,22366200
2024-06-13,Microsoft,MSFT,438.2989324414096,440.8242426789463,436.8274858579273,439.0246887207031,15960600
2024-06-14,Microsoft,MSFT,435.74378876375306,440.5756810111054,434.19281849694386,440.00897216796875,13582000
2024-06-17,Microsoft,MSFT,440.0288392462003,448.3305259626429,438.16966532085047,445.775390625,20790000
2024-06-18,Microsoft,MSFT,447.10763493198164,447.53516969127554,442.3155500964385,443.75714111328125,17112500
2024-06-20,Microsoft,MSFT,443.7173532757514,443.946033241849,438.7164619327626,443.120849609375,19877400
2024-06-21,Microsoft,MSFT,444.79114029939626,447.97260457820744,443.9261796037789,447.17724609375,34486200
2024-06-24,Microsoft,MSFT,447.197116551364,450.13005783321864,443.82674934456685,445.0794677734375,15913700
2024-06-25,Microsoft,MSFT,445.65606632861267,448.80773551860256,444.1647465305247,448.3404541015625,16747500
2024-06-26,Microsoft,MSFT,446.4017395883299,450.9751265075422,445.59642930053803,449.54345703125,16507000
2024-06-27,Microsoft,MSFT,449.56335593650766,453.5302875755873,449.1557248487335,450.2294921875,14806300
2024-06-28,Microsoft,MSFT,450.4482280145607,452.74485831487965,443.82676378238773,444.3636474609375,28362300
2024-01-02,Google,GOOGL,137.89075472780192,138.78646627528045,135.83059690794266,137.51255798339844,23711200
2024-01-03,Google,GOOGL,136.59695053777565,138.96563111524162,136.42776123741183,138.25900268554688,24212100
2024-01-04,Google,GOOGL,137.76136746127565,138.49785185670754,135.7012248421468,135.74102783203125,27137700
2024-01-05,Google,GOOGL,136.09931838527314,136.50737117465926,134.50692540464604,135.08416748046875,22506000
2024-01-08,Google,GOOGL,135.6415124314593,138.34857162557788,135.6116563892304,138.17938232421875,21404000
2024-01-09,Google,GOOGL,137.84098804206727,140.8167664639369,137.49264734077235,140.27932739257812,24759600
2024-01-10,Google,GOOGL,140.32908858441377,142.31957211043382,140.23952047042707,141.60299682617188,21320200
2024-01-11,Google,GOOGL,142.80725580814243,144.5290199237723,139.97081051510136,141.40396118164062,24008700
2024-01-12,Google,GOOGL,141.9911462708172,142.51862321173218,141.14519984962567,141.9712371826172,18768600
2024-01-16,Google,GOOGL,141.3243377622621,143.66316210251998,140.77695172665017,141.81201171875,22670500
2024-01-17,Google,GOOGL,140.67743558387372,141.16509435045725,138.2390810062168,140.79685974121094,20968600
2024-01-18,Google,GOOGL,141.37409852484444,143.5238244240393,141.3143864475642,142.7972869873047,25746400
2024-01-19,Google,GOOGL,144.05130622298188,145.75316122771846,143.69301856100813,145.68350219726562,33300700
2024-01-22,Google,GOOGL,146.40008345019257,147.68393876565145,145.14606898940627,145.2953643798828,32200400
2024-01-23,Google,GOOGL,145.19582529685954,146.479680534306,144.80768160310274,146.34034729003906,21636100
2024-01-24,Google,GOOGL,147.8332198152585,149.13699941365869,147.39532615143932,147.99246215820312,25233500
2024-01-25,Google,GOOGL,149.35593119114108,152.32174724438246,148.82843911184986,151.14735412597656,29149100
2024-01-26,Google,GOOGL,150.38104092093948,151.8141763457417,150.29145761811435,151.46585083007812,26115500
2024-01-29,Google,GOOGL,151.33645876754892,153.04827580027492,150.70945160260163,152.77955627441406,27784300
2024-01-30,Google,GOOGL,152.0729545126579,152.88904491564426,150.470614560476,150.7393341064453,36331800
2024-01-31,Google,GOOGL,142.93662027544656,143.314817013255,139.20446358239303,139.43338012695312,71910000
2024-02-01,Google,GOOGL,141.44376595073413,142.37929571349378,140.12009247642374,140.48834228515625,40466500
2024-02-02,Google,GOOGL,138.5973652180094,141.94137821596175,135.8505033642639,141.70252990722656,62470600
2024-02-05,Google,GOOGL,142.14045966873405,144.77784470758604,142.10064148728722,142.99635314941406,38505400
2024-02-06,Google,GOOGL,143.96170795232408,144.6683362516594,142.50866355317078,143.41433715820312,29128200
2024-02-07,Google,GOOGL,144.07120099538642,144.9271095715937,143.24514845900856,144.8474884033203,25208900
2024-02-08,Google,GOOGL,145.1361228470937,145.6337437790856,144.40960053851757,145.2157440185547,22563800
2024-02-09,Google,GOOGL,145.98206257663242,148.72893971350393,145.4844416676264,148.29103088378906,26829500
2024-02-12,Google,GOOGL,147.71376741197568,148.62938792958505,146.66876061718602,146.8280029296875,21564100
2024-02-13,Google,GOOGL,144.23044743303745,145.97212067480473,143.00630420667008,144.44940185546875,27837700
2024-02-14,Google,GOOGL,145.38492345402256,145.82283227426896,143.40438681197526,145.24559020996094,22704200
2024-02-15,Google,GOOGL,142.4589176078183,142.83711436988335,139.7916767428146,142.09068298339844,37590700
2024-02-16,Google,GOOGL,142.30962780983683,142.5086731289085,139.47318265796596,139.85137939453125,31451100
2024-02-20,Google,GOOGL,138.99547233345777,141.40395564806843,138.82628305113792,140.44851684570312,25144700
2024-02-21,Google,GOOGL,140.776962464413,142.01106787645267,140.01062195610365,141.87173461914062,23315700
2024-02-22,Google,GOOGL,144.2403879015234,144.31006211743158,142.1205331777144,143.40438842773438,27191900
2024-02-23,Google,GOOGL,142.98639577127176,143.99158457980388,142.7475322585676,143.2750244140625,19493800
2024-02-26,Google,GOOGL,141.46366762210727,141.76224319676408,136.73626911295864,136.91542053222656,53641800
2024-02-27,Google,GOOGL,137.36329907372496,138.58744242795802,136.43771615746064,138.21920776367188,33099200
2024-02-28,Google,GOOGL,137.2438511051447,137.35332832092976,134.76570850829765,135.73109436035156,37328600
2024-02-29,Google,GOOGL,136.62678482870294,138.19926859997335,135.75096723807542,137.80117797851562,42133000
2024-03-01,Google,GOOGL,137.7713124913028,138.20922130484942,136.26850286861733,136.48745727539062,31119500
2024-03-04,Google,GOOGL,135.01450600221577,135.01450600221577,131.28234925858652,132.7154998779297,55999400
2024-03-05,Google,GOOGL,131.2525076403091,132.60603724215898,130.048258250132,132.0387420654297,40194800
2024-03-06,Google,GOOGL,132.4865821068133,132.94440001172532,130.22739417958527,130.77476501464844,35318600
2024-03-07,Google,GOOGL,132.1581545511722,134.29793357515936,130.98377649333827,133.7406005859375,37738200
2024-03-08,Google,GOOGL,133.57142924590812,137.4329576984401,133.3624217537747,134.76571655273438,39343100
2024-03-11,Google,GOOGL,135.48227264684192,138.43814204162481,135.48227264684192,137.0149383544922,32437800
2024-03-12,Google,GOOGL,136.37798151039325,138.7168057955102,136.37798151039325,137.8409881591797,27563400
2024-03-13,Google,GOOGL,138.33861305579995,140.4186648160553,138.3286661046211,139.12484741210938,23347200
2024-03-14,Google,GOOGL,140.5181825478973,142.90675662983335,139.7916603357875,142.41909790039062,42753400
2024-03-15,Google,GOOGL,141.8219663022628,142.49872348366935,139.36371767146207,140.50823974609375,49460600
2024-03-18,Google,GOOGL,147.90287764978802,151.4260267765602,146.4697270944285,146.977294921875,69273700
2024-03-19,Google,GOOGL,147.45504201322817,148.08203407709263,145.38493706044193,146.33041381835938,24070400
2024-03-20,Google,GOOGL,147.29578793217973,148.15169649653035,146.04178871816205,148.0322723388672,21311500
2024-03-21,Google,GOOGL,148.75878705056255,149.65449855989905,146.20100843853635,146.89768981933594,24755600
2024-03-22,Google,GOOGL,148.41045420254932,150.85875574292584,148.2711209562635,150.0526123046875,29175700
2024-03-25,Google,GOOGL,149.22655548099812,149.6644642956251,147.11664775908744,149.35594177246094,19229300
2024-03-26,Google,GOOGL,149.505223453737,151.53551003081748,149.26635995623974,149.9530792236328,22149100
2024-03-27,Google,GOOGL,150.46063737451573,150.91845525200065,148.19148744617945,150.15211486816406,22879200
2024-03-28,Google,GOOGL,150.13223178829975,150.70945866916398,149.45545946665504,150.2118377685547,24485400
2024-04-01,Google,GOOGL,149.97297413405437,154.99894775398752,149.89335297574888,154.75013732910156,31730800
2024-04-02,Google,GOOGL,152.7696158272029,153.96390294626983,151.4260333268872,153.82456970214844,24586000
2024-04-03,Google,GOOGL,152.8691500191665,154.34210366441846,152.00327930693646,154.182861328125,24705000
2024-04-04,Google,GOOGL,152.7696206660751,154.03358204033015,149.73413005208545,149.81375122070312,34724700
2024-04-05,Google,GOOGL,149.31611992588236,152.6899888823038,148.8881732587718,151.7743682861328,23449300
2024-04-08,Google,GOOGL,152.0530470584528,154.5312047063974,151.8838577680416,154.1132049560547,20702000
2024-04-09,Google,GOOGL,155.3472906145229,157.80553910227465,154.4515790592109,155.85487365722656,31113000
2024-04-10,Google,GOOGL,155.4667384289104,155.8648291004754,153.94400440401932,155.39706420898438,22838600
2024-04-11,Google,GOOGL,156.1633999298141,158.92020887792125,155.71554414142938,158.65150451660156,27166400
2024-04-12,Google,GOOGL,157.20840874623565,159.4576498521726,156.39230314278245,156.9794921875,25329200
2024-04-15,Google,GOOGL,158.1041210913814,158.48231785442226,153.85443413456358,154.12315368652344,27136500
2024-04-16,Google,GOOGL,153.45633670421336,154.9093812386726,152.6999432114734,153.6653289794922,20779500
2024-04-17,Google,GOOGL,154.87953533334849,156.33259514906842,153.84449046790715,154.73025512695312,21763100
2024-04-18,Google,GOOGL,154.6008594858019,156.19325246003623,153.88428416601494,155.26766967773438,19883000
2024-04-19,Google,GOOGL,155.45677241386718,155.6160147529958,151.57533531126506,153.3568115234375,32239100
2024-04-22,Google,GOOGL,153.57574952252133,156.88990631862524,153.3269390890557,155.536376953125,26446200
2024-04-23,Google,GOOGL,156.21315584791824,158.21358635071638,155.53638354340058,157.5069580078125,21151600
2024-04-24,Google,GOOGL,156.74063729958468,158.8107420758396,156.42215263269097,158.37283325195312,22779100
2024-04-25,Google,GOOGL,150.60994355919925,155.74539489675468,150.15212564884374,155.25772094726562,57109700
2024-04-26,Google,GOOGL,173.5403194325108,173.87871320868138,168.84277660691075,171.1318359375,64665300
2024-04-29,Google,GOOGL,168.2555625642054,168.74323647348305,164.42389105822426,165.35940551757812,45610000
2024-04-30,Google,GOOGL,164.8219988264117,167.3001564313842,161.82632640780892,162.00546264648438,33562900
2024-05-01,Google,GOOGL,163.51823108824746,166.3248050727695,162.31398182603573,163.080322265625,33493200
2024-05-02,Google,GOOGL,164.00586960136738,165.93664088842695,163.1101581647357,165.82716369628906,24294500
2024-05-03,Google,GOOGL,166.76272915248109,167.16083502137172,162.27419368231517,166.4442596435547,34662400
2024-05-06,Google,GOOGL,166.66318628303551,167.33994336801806,165.23998271662975,167.30014038085938,21871300
2024-05-07,Google,GOOGL,167.69823532661383,170.94271797332505,167.58875812637166,170.43515014648438,28039700
2024-05-08,Google,GOOGL,168.19586940682248,169.34039143777946,167.93711199783866,168.57406616210938,19569100
2024-05-09,Google,GOOGL,168.5839958188216,169.87781310338192,167.3797466451611,169.1512908935547,15346700
2024-05-10,Google,GOOGL,167.2304738812949,169.0418211972959,165.39923266388908,167.84751892089844,29799900
2024-05-13,Google,GOOGL,163.47842001430308,168.474538328996,163.2196626015956,168.335205078125,31327600
2024-05-14,Google,GOOGL,168.9622000666333,170.43515363864887,167.99681433185833,169.52947998046875,25127100
2024-05-15,Google,GOOGL,169.81810379537313,171.82848118606026,169.69866445937762,171.68914794921875,26948400
2024-05-16,Google,GOOGL,172.46544694250113,174.28674128104558,171.86831096693263,173.35121154785156,27867900
2024-05-17,Google,GOOGL,173.3512152736709,175.43128224723478,172.86355649440316,175.22227478027344,24479300
2024-05-20,Google,GOOGL,175.3516485419678,177.9193741112275,175.24217134065958,176.0781707763672,22554400
2024-05-21,Google,GOOGL,176.05827701539062,177.30232932665308,174.97346704465423,177.00376892089844,16989400
2024-05-22,Google,GOOGL,175.79951363051288,176.30708148924128,174.37632512413728,175.54075622558594,17880000
2024-05-23,Google,GOOGL,176.22748350592448,177.40186161179759,172.12707671457434,172.72422790527344,21024900
2024-05-24,Google,GOOGL,174.1474170125974,174.93366658897898,172.82374351187994,174.15737915039062,16572500
2024-05-28,Google,GOOGL,173.61992005465763,176.42650907586395,173.54029889240527,175.56063842773438,20572200
2024-05-29,Google,GOOGL,174.59526917665025,175.99856381955107,173.88865597259237,175.0630340576172,23388700
2024-05-30,Google,GOOGL,174.36637035439955,174.38627944367667,170.97259197646454,171.29107666015625,22958700
2024-05-31,Google,GOOGL,171.0422603182292,172.23654746866202,168.63377692877057,171.67921447753906,37638900
2024-06-03,Google,GOOGL,171.71901635552842,173.69955303760383,170.3455929752159,172.3460235595703,27459100
2024-06-04,Google,GOOGL,172.45550585604707,173.0228009976231,171.07212029758608,172.96307373046875,26879600
2024-06-05,Google,GOOGL,174.36635570479385,175.80945323933747,173.10239440013726,174.5753631591797,22068500
2024-06-06,Google,GOOGL,175.06301613629049,176.30706831231922,174.91373594964054,175.88906860351562,23251000
2024-06-07,Google,GOOGL,176.20757079195172,177.0236612038553,173.47065573222022,173.62989807128906,19661400
2024-06-10,Google,GOOGL,174.3373180757214,176.41975708694557,172.13530264029285,174.37716674804688,23779200
2024-06-11,Google,GOOGL,175.58279097950916,176.20054419886765,173.14165320239113,175.98133850097656,21540600
2024-06-12,Google,GOOGL,177.605438030424,179.75763099848155,175.47317699825936,177.1470947265625,27864700
2024-06-13,Google,GOOGL,175.4731883543162,176.10091514486052,174.24764028080844,174.52662658691406,20913300
2024-06-14,Google,GOOGL,173.59002726213419,176.419754263997,173.52027308216327,176.15072631835938,18063600
2024-06-17,Google,GOOGL,174.82554352922475,177.715051051079,174.17788480631722,176.59910583496094,19618500
2024-06-18,Google,GOOGL,176.49946899358264,176.74856500464978,173.47046818859647,174.45687866210938,21869900
2024-06-20,Google,GOOGL,174.73586105725994,176.64891655489416,174.35724546739127,175.66250610351562,20160100
2024-06-21,Google,GOOGL,176.3599738775111,180.19605848680078,175.9713847127052,178.98046875,58582700
2024-06-24,Google,GOOGL,179.50854860133447,180.23590467855502,178.02393093898397,178.5719451904297,18298000
2024-06-25,Google,GOOGL,178.97049060645827,183.6236020982057,178.77121684563144,183.3645477294922,23235600
2024-06-26,Google,GOOGL,181.9696079374934,183.84279944854669,181.82014122095,183.215087890625,19839000
2024-06-27,Google,GOOGL,183.51399970907897,185.37724814669312,183.35458982218609,184.73956298828125,18848900
2024-06-28,Google,GOOGL,183.65351502999962,184.46058367632295,181.30204806851228,181.49134826660156,29156600
2024-01-02,Apple,AAPL,186.03307200647276,187.31538170646215,182.79253333369908,184.53208923339844,82488700
2024-01-03,Apple,AAPL,183.1205556229884,184.77065219734183,182.3352619375341,183.15037536621094,58414500
2024-01-04,Apple,AAPL,181.06289876138527,181.99729114451387,179.80048920928164,180.8243408203125,71983600
2024-01-05,Apple,AAPL,180.90388776119542,181.66928147459845,179.09474225448028,180.0987091064453,62303300
2024-01-08,Apple,AAPL,181.0032684531674,184.49233019548157,180.41679326133186,184.4525604248047,59144500
2024-01-09,Apple,AAPL,182.8223597284498,184.04501481546237,181.63945924679223,184.0350799560547,42841800
2024-01-10,Apple,AAPL,183.24976627734006,185.28751930959103,182.8223247210693,185.0787811279297,46792900
2024-01-11,Apple,AAPL,185.42670336710847,185.93366934185158,182.524132048394,184.4823760986328,49128400
2024-01-12,Apple,AAPL,184.94958867585868,185.62553831277884,184.08478570270393,184.8104248046875,40444700
2024-01-16,Apple,AAPL,181.07285998444632,183.16031793652851,179.85018978995151,182.53408813476562,65603000
2024-01-17,Apple,AAPL,180.18817865322478,181.83826018866833,179.2239664331644,181.58975219726562,47317400
2024-01-18,Apple,AAPL,184.979392426226,188.01119275141858,184.72094959289208,187.50424194335938,78005800
2024-01-19,Apple,AAPL,188.2000611602168,190.80441988057507,187.69311035236996,190.416748046875,68741000
2024-01-22,Apple,AAPL,191.15232686866392,194.16424214625192,191.1125571009308,192.7328338623047,60133900
2024-01-23,Apple,AAPL,193.8561183903394,194.58175747905844,192.67321792314553,194.01515197753906,42355600
2024-01-24,Apple,AAPL,194.25371040083746,195.20798769039715,193.18015413797895,193.33920288085938,53631300
2024-01-25,Apple,AAPL,194.0549059471631,195.0986424607324,191.95749806154728,193.01116943359375,54822100
2024-01-26,Apple,AAPL,193.11058683739938,193.59765277461963,190.79449062577763,191.27162170410156,44594000
2024-01-29,Apple,AAPL,190.8640668648328,191.05293535979936,188.44857653714126,190.5857391357422,47145600
2024-01-30,Apple,AAPL,189.80045678886228,190.65532484477694,186.35116482109103,186.91775512695312,55859400
2024-01-31,Apple,AAPL,185.92374345342654,185.98339811587047,183.24981004460298,183.29949951171875,55467800
2024-02-01,Apple,AAPL,182.8919451500293,185.83427124755644,182.72296153753896,185.74481201171875,64885400
2024-02-02,Apple,AAPL,178.78658786144558,186.21200777158808,178.18022776276848,184.7408447265625,102518000
2024-02-05,Apple,AAPL,187.02711752504118,188.12055880845503,184.73090599759692,186.55992126464844,69668800
2024-02-06,Apple,AAPL,185.74480203892318,188.180177168222,185.65534280788862,188.1702423095703,43490800
2024-02-07,Apple,AAPL,189.5022571462235,189.9098139006124,187.48437342868021,188.27960205078125,53439000
2024-02-08,Apple,AAPL,188.25972761232654,188.4088263513659,186.23190892276523,187.1961212158203,40962000
2024-02-09,Apple,AAPL,187.76339117385248,189.09710508715864,187.11645206865865,187.96246337890625,45155200
2024-02-12,Apple,AAPL,187.53448242231033,187.78330749959082,185.91213805857674,186.27044677734375,41781900
2024-02-13,Apple,AAPL,184.89695986657188,185.3348944732297,182.64757123911642,184.17037963867188,56529500
2024-02-14,Apple,AAPL,184.44907598078342,184.65808055839094,181.5826059912504,183.28456115722656,54630500
2024-02-15,Apple,AAPL,182.6874004528496,183.62298530484992,180.49774250244775,182.99594116210938,65434500
2024-02-16,Apple,AAPL,182.5579852711476,183.98127264473297,180.816209688257,181.4532012939453,49701400
2024-02-20,Apple,AAPL,180.93565617660207,181.57264783618368,179.15407511197006,180.7067413330078,53665600
2024-02-21,Apple,AAPL,181.08494629412857,182.03047857973698,179.8109630738625,181.46316528320312,41529700
2024-02-22,Apple,AAPL,182.61769287128237,184.09074823448796,181.60249751065342,183.50350952148438,52292200
2024-02-23,Apple,AAPL,184.14053516377416,184.17039296301746,181.3736010619765,181.66224670410156,45119700
2024-02-26,Apple,AAPL,181.38353517321784,181.90108040317875,179.8009961275691,180.30860900878906,40867400
2024-02-27,Apple,AAPL,180.24890489042258,183.05564406470424,178.71613380047907,181.77171325683594,54318900
2024-02-28,Apple,AAPL,181.65227187035535,182.25940572629614,179.28346722817705,180.56739807128906,48953900
2024-02-29,Apple,AAPL,180.41810366151438,181.71199718953457,178.6862755375109,179.90054321289062,136682600
2024-03-01,Apple,AAPL,178.70617492699984,179.68156498512658,176.54637506189474,178.81565856933594,73488000
2024-03-04,Apple,AAPL,175.3221528407019,176.0686281128373,172.9732433768994,174.277099609375,81510100
2024-03-05,Apple,AAPL,169.95748724050745,171.2314705105848,168.82284541599856,169.32049560546875,95132400
2024-03-06,Apple,AAPL,170.25608047856306,170.43524244414468,167.88726071561,168.3251953125,68587700
2024-03-07,Apple,AAPL,168.35503848083317,169.92761476617306,167.6981518296525,168.20574951171875,71765100
2024-03-08,Apple,AAPL,168.20576217934803,172.8836708711805,168.14604658720506,169.92762756347656,76114600
2024-03-11,Apple,AAPL,172.12725037151972,173.56048535052068,171.2414336396481,171.93814086914062,60139500
2024-03-12,Apple,AAPL,172.3362371923594,173.2121062975323,170.20629520329734,172.41586303710938,59825400
2024-03-13,Apple,AAPL,171.9580519129805,172.37607625258147,169.95748841772314,170.3257598876953,52488700
2024-03-14,Apple,AAPL,172.0973925529764,173.49080701178275,171.2414336176872,172.1869659423828,72913500
2024-03-15,Apple,AAPL,170.3655638276482,171.80874633789062,169.48969463541124,171.80874633789062,121664700
2024-03-18,Apple,AAPL,174.7448914522954,176.87483361469177,172.70452267737835,172.90357971191406,75604200
2024-03-19,Apple,AAPL,173.52067421691896,175.78001045706262,172.21683307682196,175.25250244140625,55215200
2024-03-20,Apple,AAPL,174.89417408943874,177.83030700683594,174.2671300256647,177.83030700683594,53423100
2024-03-21,Apple,AAPL,176.21791925324277,176.65585381045534,170.037097774542,170.56460571289062,106181300
2024-03-22,Apple,AAPL,170.95277649830084,172.23672240837217,169.26076900158964,171.4703369140625,71106600
2024-03-25,Apple,AAPL,169.76839047714014,171.13194711675717,168.65364374159117,170.0470733642578,54288300
2024-03-26,Apple,AAPL,169.20106023000122,170.61438491064948,168.78303590364706,168.9124298095703,57388400
2024-03-27,Apple,AAPL,169.609133760084,172.78414425918754,169.31054062211945,172.49549865722656,60273300
2024-03-28,Apple,AAPL,170.94282285202152,171.42056273337485,169.70864503919194,170.67408752441406,65672700
2024-04-01,Apple,AAPL,170.38547862745995,170.4451942217802,168.68350825393796,169.23092651367188,46240500
2024-04-02,Apple,AAPL,168.28537106183597,168.54414366405445,167.43935975957754,168.04649353027344,49329500
2024-04-03,Apple,AAPL,167.9967479570679,169.87786510696628,167.78774337767854,168.8527069091797,47691700
2024-04-04,Apple,AAPL,169.48968886138192,171.11203328162168,168.026611328125,168.026611328125,53704400
2024-04-05,Apple,AAPL,168.79298281447828,169.5892261323792,168.15599119757314,168.7830352783203,42055200
2024-04-08,Apple,AAPL,168.23561647794648,168.40481571452685,167.4493358859462,167.65834045410156,37425500
2024-04-09,Apple,AAPL,167.90716183961618,169.2806811483862,167.55881583801002,168.8726043701172,42451200
2024-04-10,Apple,AAPL,168.0066808175879,168.2953112001811,166.32462100940634,166.99147033691406,49709300
2024-04-11,Apple,AAPL,167.54885233902874,174.63540094951088,167.36970557110288,174.2173614501953,91070300
2024-04-12,Apple,AAPL,173.44102962389059,177.52176704196785,173.39127675717174,175.72027587890625,101593300
2024-04-15,Apple,AAPL,174.53586805138283,175.7999037342719,171.68930847441092,171.87841796875,73531800
2024-04-16,Apple,AAPL,170.94284143183614,172.94338974194338,167.47920033817573,168.583984375,73711200
2024-04-17,Apple,AAPL,168.81289870293196,169.84800441976404,167.21046447753906,167.21046447753906,50901200
2024-04-18,Apple,AAPL,167.24031189258443,167.8474456964944,165.7672716683895,166.2549591064453,43122900
2024-04-19,Apple,AAPL,165.42888374733738,165.6179780634261,163.3088890664717,164.2245635986328,67772100
2024-04-22,Apple,AAPL,164.74210446317437,166.4739172082034,163.99562926284756,165.0605926513672,48116400
2024-04-23,Apple,AAPL,164.57291251221173,166.26492000363532,164.14492548116624,166.11561584472656,49537800
2024-04-24,Apple,AAPL,165.75730653407012,168.50434510258808,165.42887079721268,168.2256622314453,48251800
2024-04-25,Apple,AAPL,168.73327450279362,169.80820075027214,167.3597550998357,169.09158325195312,50558300
2024-04-26,Apple,AAPL,169.081624768213,170.53475474394267,168.38490238817732,168.5043487548828,44838400
2024-04-29,Apple,AAPL,172.55520693212748,175.20270935632288,172.28648678772151,172.68460083007812,68169400
2024-04-30,Apple,AAPL,172.51539602156524,174.16759809934044,169.2010443307548,169.5294952392578,65934800
2024-05-01,Apple,AAPL,168.78303163206596,171.89832652202932,168.31523926242042,168.5043487548828,50383100
2024-05-02,Apple,AAPL,171.69926693100732,172.6049939419865,170.08688513916925,172.21682739257812,94214900
2024-05-03,Apple,AAPL,185.7727942523785,186.12115543095717,181.80155578938326,182.51817321777344,163224100
2024-05-06,Apple,AAPL,181.4930249418685,183.3343214775735,179.5720873686165,180.8560333251953,78569700
2024-05-07,Apple,AAPL,182.58783874817743,184.0310211595987,180.46785941606433,181.5427703857422,77305800
2024-05-08,Apple,AAPL,181.9906787165348,182.20964601288568,180.59724908638574,181.88119506835938,45057100
2024-05-09,Apple,AAPL,181.70204263297254,183.792179594264,181.2541604804327,183.70260620117188,48983000
2024-05-10,Apple,AAPL,184.28063783698332,184.47000383075684,181.51992740382525,182.4368438720703,50759500
2024-05-13,Apple,AAPL,184.81885368591878,186.47329700939974,184.00159305347216,185.65603637695312,72044800
2024-05-14,Apple,AAPL,186.8819036535792,187.66926595480425,185.6659889969534,186.8021697998047,52393600
2024-05-15,Apple,AAPL,187.28056849688068,190.0113806876588,186.74236879853999,189.08450317382812,70400000
2024-05-16,Apple,AAPL,189.83199615864385,190.45989075478766,189.02471179656044,189.2041015625,52845200
2024-05-17,Apple,AAPL,188.87521403256983,190.17086260921994,188.5463175718117,189.2340087890625,41282900
2024-05-20,Apple,AAPL,188.69580666177544,191.27712733733017,188.3768712601109,190.4000701904297,44361300
2024-05-21,Apple,AAPL,190.44991454290118,192.08442053272114,190.28048580582154,191.70570373535156,42309400
2024-05-22,Apple,AAPL,191.6259804985601,192.17414127105863,189.63267965869522,190.26055908203125,34648500
2024-05-23,Apple,AAPL,190.34028576334703,190.3602230291439,186.00486572472462,186.2540283203125,51005900
2024-05-24,Apple,AAPL,188.1875250894915,189.94162421863646,187.41012383078694,189.3436279296875,36294600
2024-05-28,Apple,AAPL,190.868504773859,192.35351928350596,188.4665889665476,189.35360717773438,52280100
2024-05-29,Apple,AAPL,188.97487295416659,191.6060292626522,188.8752018363686,189.652587890625,53068000
2024-05-30,Apple,AAPL,190.12102272627732,191.53626445370173,189.99146851693155,190.6492462158203,49947900
2024-05-31,Apple,AAPL,190.79874896001851,191.92496874276912,189.27387511297837,191.6060333251953,75158300
2024-06-03,Apple,AAPL,192.25384615761888,194.33685694398167,191.8751293663799,193.38006591796875,50080500
2024-06-04,Apple,AAPL,193.98802704232938,194.66575720064256,192.38341934135104,193.69900512695312,47471400
2024-06-05,Apple,AAPL,194.74547082752238,196.24044634116564,194.2172473626493,195.21389770507812,54156800
2024-06-06,Apple,AAPL,195.03449048507352,195.84177475695034,193.51957784203586,193.8285369873047,41181800
2024-06-07,Apple,AAPL,193.99798178181695,196.28031956711487,193.48969558531903,196.23048400878906,53103900
2024-06-10,Apple,AAPL,196.2404356269631,196.63910486677477,191.50634675889475,192.4730987548828,97262100
2024-06-11,Apple,AAPL,193.00132161576843,206.46607669963058,192.9813995595946,206.4561004638672,172373300
2024-06-12,Apple,AAPL,206.67538853844061,219.46241499269527,206.20696163392407,212.35630798339844,198134300
2024-06-13,Apple,AAPL,214.02069454325613,216.02395620562416,210.89121315624297,213.52236938476562,97862700
2024-06-14,Apple,AAPL,213.13367378271622,214.44924427717243,210.59221246372425,211.77822875976562,70122700
2024-06-17,Apple,AAPL,212.65527993528355,218.21659070332575,212.0074632920053,215.94422912597656,93728300
2024-06-18,Apple,AAPL,216.86113841241473,217.89766325641614,212.28651711595563,213.5721893310547,79943300
2024-06-20,Apple,AAPL,213.21339445126264,213.5223688231627,208.1504242370716,208.97763061523438,86172500
2024-06-21,Apple,AAPL,209.68527826262047,211.18025387128242,206.4162661482939,206.7949981689453,246421400
2024-06-24,Apple,AAPL,207.02420349475855,211.98751777765062,205.89798377862786,207.4427947998047,80727000
2024-06-25,Apple,AAPL,208.44940858434205,210.67194975002218,207.91122410230182,208.36968994140625,56713900
2024-06-26,Apple,AAPL,210.79155216910215,214.1402980033581,209.9344322470105,212.5356903076172,66213200
2024-06-27,Apple,AAPL,213.97087836680484,215.01736433595826,211.63872006367095,213.3828582763672,49772700
2024-06-28,Apple,AAPL,215.04724812174294,215.34624626528088,209.5955695452833,209.91448974609375,82542700
2024-01-02,Nvidia,NVDA,49.22551389912714,49.27649344260116,47.57713465197093,48.14991760253906,411254000
2024-01-03,Nvidia,NVDA,47.46717554449256,48.16591065021649,47.302236567517355,47.551143646240234,320896000
2024-01-04,Nvidia,NVDA,47.74906818641796,48.48179475152094,47.49016653492504,47.979984283447266,306535000
2024-01-05,Nvidia,NVDA,48.44380758245641,49.52839932284036,48.28786410604074,49.07856750488281,415039000
2024-01-08,Nvidia,NVDA,49.493411188465835,52.25537427649761,49.46042263300492,52.23337936401367,642510000
2024-01-09,Nvidia,NVDA,52.38133132087113,54.304608899415356,51.670595858503674,53.120052337646484,773100000
2024-01-10,Nvidia,NVDA,53.59587564392309,54.57950363229104,53.468920600031716,54.32959747314453,533796000
2024-01-11,Nvidia,NVDA,54.97835763768243,55.32522751933409,53.53989856479592,54.801422119140625,596759000
2024-01-12,Nvidia,NVDA,54.59949057976511,54.94936145206347,54.30960236510811,54.689456939697266,352994000
2024-01-16,Nvidia,NVDA,54.99734961591672,56.813665103138256,54.879393878712925,56.360836029052734,449580000
2024-01-17,Nvidia,NVDA,56.325847887071866,56.44980188752581,54.71945269845349,56.031959533691406,474394000
2024-01-18,Nvidia,NVDA,57.23850228505454,57.57837479782586,56.08593525602744,57.0855598449707,491650000
2024-01-19,Nvidia,NVDA,57.967230984594906,59.47766538428564,57.203517829580356,59.46866989135742,543501000
2024-01-22,Nvidia,NVDA,60.02646308238528,60.308358741109046,59.047830414692214,59.63161087036133,452955000
2024-01-23,Nvidia,NVDA,59.54764104000483,59.88751357892662,58.56301013401379,59.850528717041016,294654000
2024-01-24,Nvidia,NVDA,60.28136484798457,62.82540771389363,59.91550110281905,61.338966369628906,560271000
2024-01-25,Nvidia,NVDA,62.326590967001806,62.69545573126452,60.8271540987025,61.593868255615234,482777000
2024-01-26,Nvidia,NVDA,60.93711847607482,61.759811433716834,60.550266507965134,61.00809097290039,390309000
2024-01-29,Nvidia,NVDA,61.209012360122756,62.46554046020734,60.884137413565526,62.441551208496094,348733000
2024-01-30,Nvidia,NVDA,62.876387020851176,63.46916289646236,62.23662409247559,62.750431060791016,410735000
2024-01-31,Nvidia,NVDA,61.41693710561366,62.24562831970366,60.6772170002544,61.50390625,453795000
2024-02-01,Nvidia,NVDA,62.07668769492248,63.167281577618986,61.626859664228725,63.00334167480469,369146000
2024-02-02,Nvidia,NVDA,63.94998587832111,66.57499963939881,63.66609208338151,66.13516998291016,476578000
2024-02-05,Nvidia,NVDA,68.19939012424172,69.47091584987561,67.17977633836104,69.30597686767578,680078000
2024-02-06,Nvidia,NVDA,69.60386495591794,69.72781896754408,66.27512050871108,68.19739532470703,683111000
2024-02-07,Nvidia,NVDA,68.29334720317483,70.1936343745623,67.57461541049389,70.07267761230469,495575000
2024-02-08,Nvidia,NVDA,70.04768899799114,70.76741990227906,69.42892572649546,69.61485290527344,414422000
2024-02-09,Nvidia,NVDA,70.50652100790245,72.15790132018077,70.18564235653706,72.10592651367188,436637000
2024-02-12,Nvidia,NVDA,72.57274383383451,74.5829904741092,71.22325216031359,72.22087860107422,613710000
2024-02-13,Nvidia,NVDA,70.3735734915962,73.4224239511493,69.59386752244184,72.10092163085938,602580000
2024-02-14,Nvidia,NVDA,73.17452501401227,74.20813345586252,71.91099955356471,73.87226104736328,504917000
2024-02-15,Nvidia,NVDA,73.84127361084667,73.9472289995395,72.37282328939969,72.63072204589844,420122000
2024-02-16,Nvidia,NVDA,74.07218040927339,74.37406898709354,72.47378167003887,72.58573913574219,495327000
2024-02-20,Nvidia,NVDA,71.91998452531317,71.92898383060526,67.70856895062664,69.4259262084961,704833000
2024-02-21,Nvidia,NVDA,67.9804743369606,68.86214710879592,66.22313849991595,67.4466781616211,690298000
2024-02-22,Nvidia,NVDA,74.99683289517465,78.54549544838737,74.19213483266267,78.50851440429688,865100000
2024-02-23,Nvidia,NVDA,80.75965784653239,82.3630516952514,77.54086599231147,78.78739929199219,829388000
2024-02-26,Nvidia,NVDA,79.67008277283831,80.61573447856021,78.47553160288044,79.06231689453125,503973000
2024-02-27,Nvidia,NVDA,79.35119274989219,79.45016223022866,77.13303174065258,78.67144775390625,391705000
2024-02-28,Nvidia,NVDA,77.59086697046706,78.90337002935253,77.09605003023249,77.63385009765625,393110000
2024-02-29,Nvidia,NVDA,79.0643149217093,79.95997471561954,78.32059087723945,79.08230590820312,507289000
2024-03-01,Nvidia,NVDA,79.96996422541928,82.26910374751212,79.40517391258761,82.24810791015625,479135000
2024-03-04,Nvidia,NVDA,84.09840760734,87.66207143981877,83.68756644704014,85.20499420166016,615616000
2024-03-05,Nvidia,NVDA,85.24198821051228,86.06872004565462,83.38960003379123,85.93576049804688,520639000
2024-03-06,Nvidia,NVDA,87.99308922719804,89.69452599594824,87.00141069166892,88.67086029052734,582520000
2024-03-07,Nvidia,NVDA,90.12837327546654,92.73651717702312,89.57255620841083,92.6385498046875,608119000
2024-03-08,Nvidia,NVDA,95.10675351305797,97.36801162259309,86.47758481062256,87.49925231933594,1142269000
2024-03-11,Nvidia,NVDA,86.4006103441235,88.76782871199401,84.13835321441624,85.7458267211914,678364000
2024-03-12,Nvidia,NVDA,88.02007593748665,91.92978650047704,86.1216977613809,91.88280487060547,668075000
2024-03-13,Nvidia,NVDA,91.02509163024045,91.473941646385,88.40594947132757,90.85814666748047,635713000
2024-03-14,Nvidia,NVDA,89.54757446626068,90.61622350841212,86.57154750613068,87.91510772705078,602318000
2024-03-15,Nvidia,NVDA,86.90143633231817,89.51657406692517,86.22866094849327,87.80813598632812,642086000
2024-03-18,Nvidia,NVDA,90.35830507117406,92.37464071222252,87.05638881145386,88.42594146728516,668976000
2024-03-19,Nvidia,NVDA,86.67152505126207,90.51426446803778,84.98208522610015,89.36864471435547,672171000
2024-03-20,Nvidia,NVDA,89.76749997737916,90.38030520484318,88.19401951660328,90.34231567382812,479063000
2024-03-21,Nvidia,NVDA,92.26968196617385,92.61756721905257,90.37530021359187,91.40496063232422,480372000
2024-03-22,Nvidia,NVDA,91.11106503897344,94.74687156183035,90.80416666140296,94.2580337524414,586719000
2024-03-25,Nvidia,NVDA,93.91013861786189,96.7342074446901,93.47928046219188,94.97078704833984,552136000
2024-03-26,Nvidia,NVDA,95.8195062336972,96.34333614885402,92.47160751849903,92.53058624267578,513648000
2024-03-27,Nvidia,NVDA,93.08140362412708,93.20935991690288,89.09371596526927,90.22034454345703,586067000
2024-03-28,Nvidia,NVDA,89.97043098866838,91.2700069314821,89.163696917333,90.3263168334961,435212000
2024-04-01,Nvidia,NVDA,90.26933865065378,92.1947007975338,89.17469715880289,90.33331298828125,452441000
2024-04-02,Nvidia,NVDA,88.41893947358703,90.06440242112468,87.59121620163441,89.42261505126953,433064000
2024-04-03,Nvidia,NVDA,88.45493823513225,90.3443168469122,88.3709661913593,88.93477630615234,370067000
2024-04-04,Nvidia,NVDA,90.37629845117095,90.60422800372173,85.85178433643762,85.87677764892578,434965000
2024-04-05,Nvidia,NVDA,86.83745712010142,88.45193199631433,85.89777114739914,87.97908782958984,399678000
2024-04-08,Nvidia,NVDA,88.67085666122206,88.80081883400379,86.70350850941023,87.10437774658203,283220000
2024-04-09,Nvidia,NVDA,87.41326961083752,87.60620698800746,82.99472376686872,85.3259506225586,503547000
2024-04-10,Nvidia,NVDA,83.89843024698811,87.3712879556285,83.68149867040677,87.01040649414062,431929000
2024-04-11,Nvidia,NVDA,87.39127824687137,90.70918810631315,86.89744487180356,90.58622741699219,431637000
2024-04-12,Nvidia,NVDA,89.66953167082109,90.1453808587556,87.50124546153059,88.15702819824219,426805000
2024-04-15,Nvidia,NVDA,89.06873054875433,90.58323225547265,85.9007728583494,85.97274780273438,443077000
2024-04-16,Nvidia,NVDA,86.40460421758179,88.08904823109181,86.03572977127556,87.38628387451172,370453000
2024-04-17,Nvidia,NVDA,88.3109710984958,88.7458333599475,83.92241409948026,84.00739288330078,495400000
2024-04-18,Nvidia,NVDA,84.94208621726145,86.16168663370678,82.37492908333081,84.64318084716797,447260000
2024-04-19,Nvidia,NVDA,83.12269469975273,84.29630512599306,75.58117346384236,76.17497253417969,875198000
2024-04-22,Nvidia,NVDA,78.07834524781059,80.04670035538005,76.3749101252901,79.49188232421875,596341000
2024-04-23,Nvidia,NVDA,80.74247130165297,82.74181446817349,80.23763989778655,82.39592742919922,438559000
2024-04-24,Nvidia,NVDA,83.92242471814481,84.0543851474842,79.15699208262093,79.65083312988281,512208000
2024-04-25,Nvidia,NVDA,78.84208734175279,83.29562566305763,78.19730258611348,82.6048583984375,424641000
2024-04-26,Nvidia,NVDA,83.79046380504667,88.30198162324554,83.35960564687717,87.7061767578125,551011000
2024-04-29,Nvidia,NVDA,87.56622296271497,87.96308807915567,85.23798574736955,87.7281723022461,388971000
2024-04-30,Nvidia,NVDA,87.21134125053536,88.78982495986544,86.27165520822136,86.37361907958984,363709000
2024-05-01,Nvidia,NVDA,85.04905184528752,85.9717451202874,81.22830132116862,83.01371765136719,559863000
2024-05-02,Nvidia,NVDA,84.42125626969049,86.20867093085921,83.17266601309362,85.78881072998047,377898000
2024-05-03,Nvidia,NVDA,87.76016278941914,89.25166943381491,87.01140828668458,88.75983428955078,398341000
2024-05-06,Nvidia,NVDA,89.36062948973989,92.18970149787158,89.02574047227303,92.10972595214844,376203000
2024-05-07,Nvidia,NVDA,91.06807385977748,91.75084815179432,88.98176145323684,90.52425384521484,437342000
2024-05-08,Nvidia,NVDA,89.45360566200054,91.16404211729393,89.39062281924463,90.3823013305664,325721000
2024-05-09,Nvidia,NVDA,90.4992620554592,91.04208295679378,88.20202038816478,88.71784973144531,378013000
2024-05-10,Nvidia,NVDA,90.2753342742342,91.3709748992257,89.19768547851668,89.84847259521484,335325000
2024-05-13,Nvidia,NVDA,90.44827727503778,90.96811074029578,88.49991996993283,90.36930847167969,289680000
2024-05-14,Nvidia,NVDA,89.5695622301617,91.62089001998181,88.904779793576,91.32598876953125,296507000
2024-05-15,Nvidia,NVDA,92.44161932872312,94.83083350687552,91.5689050462718,94.59890747070312,417735000
2024-05-16,Nvidia,NVDA,94.87882442022669,95.78752238437566,94.07208269713682,94.3280029296875,323952000
2024-05-17,Nvidia,NVDA,94.33799437588382,94.70886703782735,91.77583301886031,92.4486083984375,359691000
2024-05-20,Nvidia,NVDA,93.71921034558147,95.16873108150425,93.40931459730984,94.74887084960938,318764000
2024-05-21,Nvidia,NVDA,93.56825212335475,95.36866300361463,93.14939104451075,95.35466766357422,328946000
2024-05-22,Nvidia,NVDA,95.42765114316352,95.98846392246197,93.21837781672151,94.91881561279297,548648000
2024-05-23,Nvidia,NVDA,101.99448585081109,106.2850758370863,101.48664948420172,103.76490783691406,835065000
2024-05-24,Nvidia,NVDA,104.41468788795488,106.44002335978084,102.96616635990915,106.43402862548828,429494000
2024-05-28,Nvidia,NVDA,110.2077900069521,114.90124747385036,109.84690852832622,113.86358642578125,652728000
2024-05-29,Nvidia,NVDA,113.01286640628571,115.45405793078952,110.86457027293942,114.78727722167969,557442000
2024-05-30,Nvidia,NVDA,114.61232962234554,115.78094422890767,109.62696874788826,110.46369171142578,487350000
2024-05-31,Nvidia,NVDA,112.48303762096089,112.67997913664935,106.90487625910878,109.59699249267578,613263000
2024-06-03,Nvidia,NVDA,113.58368201334555,114.96222686767578,111.96620962094242,114.96222686767578,438392000
2024-06-04,Nvidia,NVDA,115.67799408835361,116.56169877793198,114.00753771578134,116.39875030517578,403324000
2024-06-05,Nvidia,NVDA,118.33211671671947,122.40877237466783,117.42941347887506,122.3997802734375,528402000
2024-06-06,Nvidia,NVDA,124.00725324087743,125.54574922421772,118.2811377621336,120.95825958251953,664696000
2024-06-07,Nvidia,NVDA,119.73066046106749,121.65203391481319,117.98324108710487,120.84829711914062,412386000
2024-06-10,Nvidia,NVDA,120.33046067723372,123.05955958930451,116.9715638416941,121.74999237060547,314162700
2024-06-11,Nvidia,NVDA,121.73999195116299,122.83972700807324,118.7107397776175,120.88021087646484,222551200
2024-06-12,Nvidia,NVDA,123.02967165119686,126.84872997628844,122.53979453852547,125.16914367675781,299595000
2024-06-13,Nvidia,NVDA,129.3581169536998,129.76801958856166,127.12867070986337,129.57806396484375,260704500
2024-06-14,Nvidia,NVDA,129.92799370452428,132.80727390157034,128.28839829543193,131.84751892089844,309320400
2024-06-17,Nvidia,NVDA,132.9572533982128,133.69706139159663,129.54808953427707,130.94773864746094,288504400
2024-06-18,Nvidia,NVDA,131.10769173939232,136.29641557179684,130.6578056523983,135.54660034179688,294335100
2024-06-20,Nvidia,NVDA,139.76557010788932,140.72532511567726,129.48810330722768,130.74778747558594,517768400
2024-06-21,Nvidia,NVDA,127.08867825178737,130.5978154647857,124.26937345205326,126.53881072998047,655484700
2024-06-24,Nvidia,NVDA,123.20963548646723,124.42933613805307,118.01091965046173,118.08090209960938,476060900
2024-06-25,Nvidia,NVDA,121.1701275508724,126.46882443182822,119.29059361747449,126.05892181396484,425787500
2024-06-26,Nvidia,NVDA,126.09892059020918,128.08842814640124,122.56979155312732,126.36885833740234,362975900
2024-06-27,Nvidia,NVDA,124.06941564080125,126.37885155800387,122.88970613137967,123.95944213867188,252571700
2024-06-28,Nvidia,NVDA,124.54930428199576,127.67853027804634,122.71975337861936,123.50955963134766,315516700
